,0,1
0,diagnostics_Versions_PyRadiomics,0
1,diagnostics_Versions_Numpy,0
2,diagnostics_Versions_SimpleITK,0
3,diagnostics_Versions_PyWavelet,0
4,diagnostics_Versions_Python,0
5,diagnostics_Configuration_Settings,0
6,diagnostics_Configuration_EnabledImageTypes,0
7,diagnostics_Image-original_Hash,0
8,diagnostics_Image-original_Dimensionality,0
9,diagnostics_Image-original_Spacing,0
10,diagnostics_Image-original_Size,0
11,diagnostics_Image-original_Mean,0
12,diagnostics_Image-original_Minimum,0
13,diagnostics_Image-original_Maximum,0
14,diagnostics_Mask-original_Hash,0
15,diagnostics_Mask-original_Spacing,0
16,diagnostics_Mask-original_Size,0
17,diagnostics_Mask-original_BoundingBox,0
18,diagnostics_Mask-original_VoxelNum,0
19,diagnostics_Mask-original_VolumeNum,0
20,diagnostics_Mask-original_CenterOfMassIndex,0
21,diagnostics_Mask-original_CenterOfMass,0
22,original_shape_Elongation,0
23,original_shape_Flatness,0
24,original_shape_LeastAxisLength,0
25,original_shape_MajorAxisLength,0
26,original_shape_Maximum2DDiameterColumn,0
27,original_shape_Maximum2DDiameterRow,0
28,original_shape_Maximum2DDiameterSlice,0
29,original_shape_Maximum3DDiameter,0
30,original_shape_MeshVolume,0
31,original_shape_MinorAxisLength,0
32,original_shape_Sphericity,0
33,original_shape_SurfaceArea,0
34,original_shape_SurfaceVolumeRatio,0
35,original_shape_VoxelVolume,0
36,original_firstorder_10Percentile,0
37,original_firstorder_90Percentile,0
38,original_firstorder_Energy,0
39,original_firstorder_Entropy,0
40,original_firstorder_InterquartileRange,0
41,original_firstorder_Kurtosis,0
42,original_firstorder_Maximum,0
43,original_firstorder_MeanAbsoluteDeviation,0
44,original_firstorder_Mean,0
45,original_firstorder_Median,0
46,original_firstorder_Minimum,0
47,original_firstorder_Range,0
48,original_firstorder_RobustMeanAbsoluteDeviation,0
49,original_firstorder_RootMeanSquared,0
50,original_firstorder_Skewness,0
51,original_firstorder_TotalEnergy,0
52,original_firstorder_Uniformity,0
53,original_firstorder_Variance,0
54,original_glcm_Autocorrelation,0
55,original_glcm_JointAverage,0
56,original_glcm_ClusterProminence,0
57,original_glcm_ClusterShade,0
58,original_glcm_ClusterTendency,0
59,original_glcm_Contrast,0
60,original_glcm_Correlation,0
61,original_glcm_DifferenceAverage,0
62,original_glcm_DifferenceEntropy,0
63,original_glcm_DifferenceVariance,0
64,original_glcm_JointEnergy,0
65,original_glcm_JointEntropy,0
66,original_glcm_Imc1,0
67,original_glcm_Imc2,0
68,original_glcm_Idm,0
69,original_glcm_Idmn,0
70,original_glcm_Id,0
71,original_glcm_Idn,0
72,original_glcm_InverseVariance,0
73,original_glcm_MaximumProbability,0
74,original_glcm_SumEntropy,0
75,original_glcm_SumSquares,0
76,original_glrlm_GrayLevelNonUniformity,0
77,original_glrlm_GrayLevelNonUniformityNormalized,0
78,original_glrlm_GrayLevelVariance,0
79,original_glrlm_HighGrayLevelRunEmphasis,0
80,original_glrlm_LongRunEmphasis,0
81,original_glrlm_LongRunHighGrayLevelEmphasis,0
82,original_glrlm_LongRunLowGrayLevelEmphasis,0
83,original_glrlm_LowGrayLevelRunEmphasis,0
84,original_glrlm_RunEntropy,0
85,original_glrlm_RunLengthNonUniformity,0
86,original_glrlm_RunLengthNonUniformityNormalized,0
87,original_glrlm_RunPercentage,0
88,original_glrlm_RunVariance,0
89,original_glrlm_ShortRunEmphasis,0
90,original_glrlm_ShortRunHighGrayLevelEmphasis,0
91,original_glrlm_ShortRunLowGrayLevelEmphasis,0
92,original_glszm_GrayLevelNonUniformity,0
93,original_glszm_GrayLevelNonUniformityNormalized,0
94,original_glszm_GrayLevelVariance,0
95,original_glszm_HighGrayLevelZoneEmphasis,0
96,original_glszm_LargeAreaEmphasis,0
97,original_glszm_LargeAreaHighGrayLevelEmphasis,0
98,original_glszm_LargeAreaLowGrayLevelEmphasis,0
99,original_glszm_LowGrayLevelZoneEmphasis,0
100,original_glszm_SizeZoneNonUniformity,0
101,original_glszm_SizeZoneNonUniformityNormalized,0
102,original_glszm_SmallAreaEmphasis,0
103,original_glszm_SmallAreaHighGrayLevelEmphasis,0
104,original_glszm_SmallAreaLowGrayLevelEmphasis,0
105,original_glszm_ZoneEntropy,0
106,original_glszm_ZonePercentage,0
107,original_glszm_ZoneVariance,0
108,original_gldm_DependenceEntropy,0
109,original_gldm_DependenceNonUniformity,0
110,original_gldm_DependenceNonUniformityNormalized,0
111,original_gldm_DependenceVariance,0
112,original_gldm_GrayLevelNonUniformity,0
113,original_gldm_GrayLevelVariance,0
114,original_gldm_HighGrayLevelEmphasis,0
115,original_gldm_LargeDependenceEmphasis,0
116,original_gldm_LargeDependenceHighGrayLevelEmphasis,0
117,original_gldm_LargeDependenceLowGrayLevelEmphasis,0
118,original_gldm_LowGrayLevelEmphasis,0
119,original_gldm_SmallDependenceEmphasis,0
120,original_gldm_SmallDependenceHighGrayLevelEmphasis,0
121,original_gldm_SmallDependenceLowGrayLevelEmphasis,0
122,exponential_firstorder_10Percentile,0
123,exponential_firstorder_90Percentile,0
124,exponential_firstorder_Energy,0
125,exponential_firstorder_Entropy,0
126,exponential_firstorder_InterquartileRange,0
127,exponential_firstorder_Kurtosis,0
128,exponential_firstorder_Maximum,0
129,exponential_firstorder_MeanAbsoluteDeviation,0
130,exponential_firstorder_Mean,0
131,exponential_firstorder_Median,0
132,exponential_firstorder_Minimum,0
133,exponential_firstorder_Range,0
134,exponential_firstorder_RobustMeanAbsoluteDeviation,0
135,exponential_firstorder_RootMeanSquared,0
136,exponential_firstorder_Skewness,0
137,exponential_firstorder_TotalEnergy,0
138,exponential_firstorder_Uniformity,0
139,exponential_firstorder_Variance,0
140,exponential_glcm_Autocorrelation,0
141,exponential_glcm_JointAverage,0
142,exponential_glcm_ClusterProminence,0
143,exponential_glcm_ClusterShade,0
144,exponential_glcm_ClusterTendency,0
145,exponential_glcm_Contrast,0
146,exponential_glcm_Correlation,0
147,exponential_glcm_DifferenceAverage,0
148,exponential_glcm_DifferenceEntropy,0
149,exponential_glcm_DifferenceVariance,0
150,exponential_glcm_JointEnergy,0
151,exponential_glcm_JointEntropy,0
152,exponential_glcm_Imc1,0
153,exponential_glcm_Imc2,0
154,exponential_glcm_Idm,0
155,exponential_glcm_Idmn,0
156,exponential_glcm_Id,0
157,exponential_glcm_Idn,0
158,exponential_glcm_InverseVariance,0
159,exponential_glcm_MaximumProbability,0
160,exponential_glcm_SumEntropy,0
161,exponential_glcm_SumSquares,0
162,exponential_glrlm_GrayLevelNonUniformity,0
163,exponential_glrlm_GrayLevelNonUniformityNormalized,0
164,exponential_glrlm_GrayLevelVariance,0
165,exponential_glrlm_HighGrayLevelRunEmphasis,0
166,exponential_glrlm_LongRunEmphasis,0
167,exponential_glrlm_LongRunHighGrayLevelEmphasis,0
168,exponential_glrlm_LongRunLowGrayLevelEmphasis,0
169,exponential_glrlm_LowGrayLevelRunEmphasis,0
170,exponential_glrlm_RunEntropy,0
171,exponential_glrlm_RunLengthNonUniformity,0
172,exponential_glrlm_RunLengthNonUniformityNormalized,0
173,exponential_glrlm_RunPercentage,0
174,exponential_glrlm_RunVariance,0
175,exponential_glrlm_ShortRunEmphasis,0
176,exponential_glrlm_ShortRunHighGrayLevelEmphasis,0
177,exponential_glrlm_ShortRunLowGrayLevelEmphasis,0
178,exponential_glszm_GrayLevelNonUniformity,0
179,exponential_glszm_GrayLevelNonUniformityNormalized,0
180,exponential_glszm_GrayLevelVariance,0
181,exponential_glszm_HighGrayLevelZoneEmphasis,0
182,exponential_glszm_LargeAreaEmphasis,0
183,exponential_glszm_LargeAreaHighGrayLevelEmphasis,0
184,exponential_glszm_LargeAreaLowGrayLevelEmphasis,0
185,exponential_glszm_LowGrayLevelZoneEmphasis,0
186,exponential_glszm_SizeZoneNonUniformity,0
187,exponential_glszm_SizeZoneNonUniformityNormalized,0
188,exponential_glszm_SmallAreaEmphasis,0
189,exponential_glszm_SmallAreaHighGrayLevelEmphasis,0
190,exponential_glszm_SmallAreaLowGrayLevelEmphasis,0
191,exponential_glszm_ZoneEntropy,0
192,exponential_glszm_ZonePercentage,0
193,exponential_glszm_ZoneVariance,0
194,exponential_gldm_DependenceEntropy,0
195,exponential_gldm_DependenceNonUniformity,0
196,exponential_gldm_DependenceNonUniformityNormalized,0
197,exponential_gldm_DependenceVariance,0
198,exponential_gldm_GrayLevelNonUniformity,0
199,exponential_gldm_GrayLevelVariance,0
200,exponential_gldm_HighGrayLevelEmphasis,0
201,exponential_gldm_LargeDependenceEmphasis,0
202,exponential_gldm_LargeDependenceHighGrayLevelEmphasis,0
203,exponential_gldm_LargeDependenceLowGrayLevelEmphasis,0
204,exponential_gldm_LowGrayLevelEmphasis,0
205,exponential_gldm_SmallDependenceEmphasis,0
206,exponential_gldm_SmallDependenceHighGrayLevelEmphasis,0
207,exponential_gldm_SmallDependenceLowGrayLevelEmphasis,0
208,gradient_firstorder_10Percentile,0
209,gradient_firstorder_90Percentile,0
210,gradient_firstorder_Energy,0
211,gradient_firstorder_Entropy,0
212,gradient_firstorder_InterquartileRange,0
213,gradient_firstorder_Kurtosis,0
214,gradient_firstorder_Maximum,0
215,gradient_firstorder_MeanAbsoluteDeviation,0
216,gradient_firstorder_Mean,0
217,gradient_firstorder_Median,0
218,gradient_firstorder_Minimum,0
219,gradient_firstorder_Range,0
220,gradient_firstorder_RobustMeanAbsoluteDeviation,0
221,gradient_firstorder_RootMeanSquared,0
222,gradient_firstorder_Skewness,0
223,gradient_firstorder_TotalEnergy,0
224,gradient_firstorder_Uniformity,0
225,gradient_firstorder_Variance,0
226,gradient_glcm_Autocorrelation,0
227,gradient_glcm_JointAverage,0
228,gradient_glcm_ClusterProminence,0
229,gradient_glcm_ClusterShade,0
230,gradient_glcm_ClusterTendency,0
231,gradient_glcm_Contrast,0
232,gradient_glcm_Correlation,0
233,gradient_glcm_DifferenceAverage,0
234,gradient_glcm_DifferenceEntropy,0
235,gradient_glcm_DifferenceVariance,0
236,gradient_glcm_JointEnergy,0
237,gradient_glcm_JointEntropy,0
238,gradient_glcm_Imc1,0
239,gradient_glcm_Imc2,0
240,gradient_glcm_Idm,0
241,gradient_glcm_Idmn,0
242,gradient_glcm_Id,0
243,gradient_glcm_Idn,0
244,gradient_glcm_InverseVariance,0
245,gradient_glcm_MaximumProbability,0
246,gradient_glcm_SumEntropy,0
247,gradient_glcm_SumSquares,0
248,gradient_glrlm_GrayLevelNonUniformity,0
249,gradient_glrlm_GrayLevelNonUniformityNormalized,0
250,gradient_glrlm_GrayLevelVariance,0
251,gradient_glrlm_HighGrayLevelRunEmphasis,0
252,gradient_glrlm_LongRunEmphasis,0
253,gradient_glrlm_LongRunHighGrayLevelEmphasis,0
254,gradient_glrlm_LongRunLowGrayLevelEmphasis,0
255,gradient_glrlm_LowGrayLevelRunEmphasis,0
256,gradient_glrlm_RunEntropy,0
257,gradient_glrlm_RunLengthNonUniformity,0
258,gradient_glrlm_RunLengthNonUniformityNormalized,0
259,gradient_glrlm_RunPercentage,0
260,gradient_glrlm_RunVariance,0
261,gradient_glrlm_ShortRunEmphasis,0
262,gradient_glrlm_ShortRunHighGrayLevelEmphasis,0
263,gradient_glrlm_ShortRunLowGrayLevelEmphasis,0
264,gradient_glszm_GrayLevelNonUniformity,0
265,gradient_glszm_GrayLevelNonUniformityNormalized,0
266,gradient_glszm_GrayLevelVariance,0
267,gradient_glszm_HighGrayLevelZoneEmphasis,0
268,gradient_glszm_LargeAreaEmphasis,0
269,gradient_glszm_LargeAreaHighGrayLevelEmphasis,0
270,gradient_glszm_LargeAreaLowGrayLevelEmphasis,0
271,gradient_glszm_LowGrayLevelZoneEmphasis,0
272,gradient_glszm_SizeZoneNonUniformity,0
273,gradient_glszm_SizeZoneNonUniformityNormalized,0
274,gradient_glszm_SmallAreaEmphasis,0
275,gradient_glszm_SmallAreaHighGrayLevelEmphasis,0
276,gradient_glszm_SmallAreaLowGrayLevelEmphasis,0
277,gradient_glszm_ZoneEntropy,0
278,gradient_glszm_ZonePercentage,0
279,gradient_glszm_ZoneVariance,0
280,gradient_gldm_DependenceEntropy,0
281,gradient_gldm_DependenceNonUniformity,0
282,gradient_gldm_DependenceNonUniformityNormalized,0
283,gradient_gldm_DependenceVariance,0
284,gradient_gldm_GrayLevelNonUniformity,0
285,gradient_gldm_GrayLevelVariance,0
286,gradient_gldm_HighGrayLevelEmphasis,0
287,gradient_gldm_LargeDependenceEmphasis,0
288,gradient_gldm_LargeDependenceHighGrayLevelEmphasis,0
289,gradient_gldm_LargeDependenceLowGrayLevelEmphasis,0
290,gradient_gldm_LowGrayLevelEmphasis,0
291,gradient_gldm_SmallDependenceEmphasis,0
292,gradient_gldm_SmallDependenceHighGrayLevelEmphasis,0
293,gradient_gldm_SmallDependenceLowGrayLevelEmphasis,0
294,lbp-2D_firstorder_10Percentile,0
295,lbp-2D_firstorder_90Percentile,0
296,lbp-2D_firstorder_Energy,0
297,lbp-2D_firstorder_Entropy,0
298,lbp-2D_firstorder_InterquartileRange,0
299,lbp-2D_firstorder_Kurtosis,0
300,lbp-2D_firstorder_Maximum,0
301,lbp-2D_firstorder_MeanAbsoluteDeviation,0
302,lbp-2D_firstorder_Mean,0
303,lbp-2D_firstorder_Median,0
304,lbp-2D_firstorder_Minimum,0
305,lbp-2D_firstorder_Range,0
306,lbp-2D_firstorder_RobustMeanAbsoluteDeviation,0
307,lbp-2D_firstorder_RootMeanSquared,0
308,lbp-2D_firstorder_Skewness,0
309,lbp-2D_firstorder_TotalEnergy,0
310,lbp-2D_firstorder_Uniformity,0
311,lbp-2D_firstorder_Variance,0
312,lbp-2D_glcm_Autocorrelation,0
313,lbp-2D_glcm_JointAverage,0
314,lbp-2D_glcm_ClusterProminence,0
315,lbp-2D_glcm_ClusterShade,0
316,lbp-2D_glcm_ClusterTendency,0
317,lbp-2D_glcm_Contrast,0
318,lbp-2D_glcm_Correlation,0
319,lbp-2D_glcm_DifferenceAverage,0
320,lbp-2D_glcm_DifferenceEntropy,0
321,lbp-2D_glcm_DifferenceVariance,0
322,lbp-2D_glcm_JointEnergy,0
323,lbp-2D_glcm_JointEntropy,0
324,lbp-2D_glcm_Imc1,0
325,lbp-2D_glcm_Imc2,0
326,lbp-2D_glcm_Idm,0
327,lbp-2D_glcm_Idmn,0
328,lbp-2D_glcm_Id,0
329,lbp-2D_glcm_Idn,0
330,lbp-2D_glcm_InverseVariance,0
331,lbp-2D_glcm_MaximumProbability,0
332,lbp-2D_glcm_SumEntropy,0
333,lbp-2D_glcm_SumSquares,0
334,lbp-2D_glrlm_GrayLevelNonUniformity,0
335,lbp-2D_glrlm_GrayLevelNonUniformityNormalized,0
336,lbp-2D_glrlm_GrayLevelVariance,0
337,lbp-2D_glrlm_HighGrayLevelRunEmphasis,0
338,lbp-2D_glrlm_LongRunEmphasis,0
339,lbp-2D_glrlm_LongRunHighGrayLevelEmphasis,0
340,lbp-2D_glrlm_LongRunLowGrayLevelEmphasis,0
341,lbp-2D_glrlm_LowGrayLevelRunEmphasis,0
342,lbp-2D_glrlm_RunEntropy,0
343,lbp-2D_glrlm_RunLengthNonUniformity,0
344,lbp-2D_glrlm_RunLengthNonUniformityNormalized,0
345,lbp-2D_glrlm_RunPercentage,0
346,lbp-2D_glrlm_RunVariance,0
347,lbp-2D_glrlm_ShortRunEmphasis,0
348,lbp-2D_glrlm_ShortRunHighGrayLevelEmphasis,0
349,lbp-2D_glrlm_ShortRunLowGrayLevelEmphasis,0
350,lbp-2D_glszm_GrayLevelNonUniformity,0
351,lbp-2D_glszm_GrayLevelNonUniformityNormalized,0
352,lbp-2D_glszm_GrayLevelVariance,0
353,lbp-2D_glszm_HighGrayLevelZoneEmphasis,0
354,lbp-2D_glszm_LargeAreaEmphasis,0
355,lbp-2D_glszm_LargeAreaHighGrayLevelEmphasis,0
356,lbp-2D_glszm_LargeAreaLowGrayLevelEmphasis,0
357,lbp-2D_glszm_LowGrayLevelZoneEmphasis,0
358,lbp-2D_glszm_SizeZoneNonUniformity,0
359,lbp-2D_glszm_SizeZoneNonUniformityNormalized,0
360,lbp-2D_glszm_SmallAreaEmphasis,0
361,lbp-2D_glszm_SmallAreaHighGrayLevelEmphasis,0
362,lbp-2D_glszm_SmallAreaLowGrayLevelEmphasis,0
363,lbp-2D_glszm_ZoneEntropy,0
364,lbp-2D_glszm_ZonePercentage,0
365,lbp-2D_glszm_ZoneVariance,0
366,lbp-2D_gldm_DependenceEntropy,0
367,lbp-2D_gldm_DependenceNonUniformity,0
368,lbp-2D_gldm_DependenceNonUniformityNormalized,0
369,lbp-2D_gldm_DependenceVariance,0
370,lbp-2D_gldm_GrayLevelNonUniformity,0
371,lbp-2D_gldm_GrayLevelVariance,0
372,lbp-2D_gldm_HighGrayLevelEmphasis,0
373,lbp-2D_gldm_LargeDependenceEmphasis,0
374,lbp-2D_gldm_LargeDependenceHighGrayLevelEmphasis,0
375,lbp-2D_gldm_LargeDependenceLowGrayLevelEmphasis,0
376,lbp-2D_gldm_LowGrayLevelEmphasis,0
377,lbp-2D_gldm_SmallDependenceEmphasis,0
378,lbp-2D_gldm_SmallDependenceHighGrayLevelEmphasis,0
379,lbp-2D_gldm_SmallDependenceLowGrayLevelEmphasis,0
380,logarithm_firstorder_10Percentile,0
381,logarithm_firstorder_90Percentile,0
382,logarithm_firstorder_Energy,0
383,logarithm_firstorder_Entropy,0
384,logarithm_firstorder_InterquartileRange,0
385,logarithm_firstorder_Kurtosis,0
386,logarithm_firstorder_Maximum,0
387,logarithm_firstorder_MeanAbsoluteDeviation,0
388,logarithm_firstorder_Mean,0
389,logarithm_firstorder_Median,0
390,logarithm_firstorder_Minimum,0
391,logarithm_firstorder_Range,0
392,logarithm_firstorder_RobustMeanAbsoluteDeviation,0
393,logarithm_firstorder_RootMeanSquared,0
394,logarithm_firstorder_Skewness,0
395,logarithm_firstorder_TotalEnergy,0
396,logarithm_firstorder_Uniformity,0
397,logarithm_firstorder_Variance,0
398,logarithm_glcm_Autocorrelation,0
399,logarithm_glcm_JointAverage,0
400,logarithm_glcm_ClusterProminence,0
401,logarithm_glcm_ClusterShade,0
402,logarithm_glcm_ClusterTendency,0
403,logarithm_glcm_Contrast,0
404,logarithm_glcm_Correlation,0
405,logarithm_glcm_DifferenceAverage,0
406,logarithm_glcm_DifferenceEntropy,0
407,logarithm_glcm_DifferenceVariance,0
408,logarithm_glcm_JointEnergy,0
409,logarithm_glcm_JointEntropy,0
410,logarithm_glcm_Imc1,0
411,logarithm_glcm_Imc2,0
412,logarithm_glcm_Idm,0
413,logarithm_glcm_Idmn,0
414,logarithm_glcm_Id,0
415,logarithm_glcm_Idn,0
416,logarithm_glcm_InverseVariance,0
417,logarithm_glcm_MaximumProbability,0
418,logarithm_glcm_SumEntropy,0
419,logarithm_glcm_SumSquares,0
420,logarithm_glrlm_GrayLevelNonUniformity,0
421,logarithm_glrlm_GrayLevelNonUniformityNormalized,0
422,logarithm_glrlm_GrayLevelVariance,0
423,logarithm_glrlm_HighGrayLevelRunEmphasis,0
424,logarithm_glrlm_LongRunEmphasis,0
425,logarithm_glrlm_LongRunHighGrayLevelEmphasis,0
426,logarithm_glrlm_LongRunLowGrayLevelEmphasis,0
427,logarithm_glrlm_LowGrayLevelRunEmphasis,0
428,logarithm_glrlm_RunEntropy,0
429,logarithm_glrlm_RunLengthNonUniformity,0
430,logarithm_glrlm_RunLengthNonUniformityNormalized,0
431,logarithm_glrlm_RunPercentage,0
432,logarithm_glrlm_RunVariance,0
433,logarithm_glrlm_ShortRunEmphasis,0
434,logarithm_glrlm_ShortRunHighGrayLevelEmphasis,0
435,logarithm_glrlm_ShortRunLowGrayLevelEmphasis,0
436,logarithm_glszm_GrayLevelNonUniformity,0
437,logarithm_glszm_GrayLevelNonUniformityNormalized,0
438,logarithm_glszm_GrayLevelVariance,0
439,logarithm_glszm_HighGrayLevelZoneEmphasis,0
440,logarithm_glszm_LargeAreaEmphasis,0
441,logarithm_glszm_LargeAreaHighGrayLevelEmphasis,0
442,logarithm_glszm_LargeAreaLowGrayLevelEmphasis,0
443,logarithm_glszm_LowGrayLevelZoneEmphasis,0
444,logarithm_glszm_SizeZoneNonUniformity,0
445,logarithm_glszm_SizeZoneNonUniformityNormalized,0
446,logarithm_glszm_SmallAreaEmphasis,0
447,logarithm_glszm_SmallAreaHighGrayLevelEmphasis,0
448,logarithm_glszm_SmallAreaLowGrayLevelEmphasis,0
449,logarithm_glszm_ZoneEntropy,0
450,logarithm_glszm_ZonePercentage,0
451,logarithm_glszm_ZoneVariance,0
452,logarithm_gldm_DependenceEntropy,0
453,logarithm_gldm_DependenceNonUniformity,0
454,logarithm_gldm_DependenceNonUniformityNormalized,0
455,logarithm_gldm_DependenceVariance,0
456,logarithm_gldm_GrayLevelNonUniformity,0
457,logarithm_gldm_GrayLevelVariance,0
458,logarithm_gldm_HighGrayLevelEmphasis,0
459,logarithm_gldm_LargeDependenceEmphasis,0
460,logarithm_gldm_LargeDependenceHighGrayLevelEmphasis,0
461,logarithm_gldm_LargeDependenceLowGrayLevelEmphasis,0
462,logarithm_gldm_LowGrayLevelEmphasis,0
463,logarithm_gldm_SmallDependenceEmphasis,0
464,logarithm_gldm_SmallDependenceHighGrayLevelEmphasis,0
465,logarithm_gldm_SmallDependenceLowGrayLevelEmphasis,0
466,square_firstorder_10Percentile,0
467,square_firstorder_90Percentile,0
468,square_firstorder_Energy,0
469,square_firstorder_Entropy,0
470,square_firstorder_InterquartileRange,0
471,square_firstorder_Kurtosis,0
472,square_firstorder_Maximum,0
473,square_firstorder_MeanAbsoluteDeviation,0
474,square_firstorder_Mean,0
475,square_firstorder_Median,0
476,square_firstorder_Minimum,0
477,square_firstorder_Range,0
478,square_firstorder_RobustMeanAbsoluteDeviation,0
479,square_firstorder_RootMeanSquared,0
480,square_firstorder_Skewness,0
481,square_firstorder_TotalEnergy,0
482,square_firstorder_Uniformity,0
483,square_firstorder_Variance,0
484,square_glcm_Autocorrelation,0
485,square_glcm_JointAverage,0
486,square_glcm_ClusterProminence,0
487,square_glcm_ClusterShade,0
488,square_glcm_ClusterTendency,0
489,square_glcm_Contrast,0
490,square_glcm_Correlation,0
491,square_glcm_DifferenceAverage,0
492,square_glcm_DifferenceEntropy,0
493,square_glcm_DifferenceVariance,0
494,square_glcm_JointEnergy,0
495,square_glcm_JointEntropy,0
496,square_glcm_Imc1,0
497,square_glcm_Imc2,0
498,square_glcm_Idm,0
499,square_glcm_Idmn,0
500,square_glcm_Id,0
501,square_glcm_Idn,0
502,square_glcm_InverseVariance,0
503,square_glcm_MaximumProbability,0
504,square_glcm_SumEntropy,0
505,square_glcm_SumSquares,0
506,square_glrlm_GrayLevelNonUniformity,0
507,square_glrlm_GrayLevelNonUniformityNormalized,0
508,square_glrlm_GrayLevelVariance,0
509,square_glrlm_HighGrayLevelRunEmphasis,0
510,square_glrlm_LongRunEmphasis,0
511,square_glrlm_LongRunHighGrayLevelEmphasis,0
512,square_glrlm_LongRunLowGrayLevelEmphasis,0
513,square_glrlm_LowGrayLevelRunEmphasis,0
514,square_glrlm_RunEntropy,0
515,square_glrlm_RunLengthNonUniformity,0
516,square_glrlm_RunLengthNonUniformityNormalized,0
517,square_glrlm_RunPercentage,0
518,square_glrlm_RunVariance,0
519,square_glrlm_ShortRunEmphasis,0
520,square_glrlm_ShortRunHighGrayLevelEmphasis,0
521,square_glrlm_ShortRunLowGrayLevelEmphasis,0
522,square_glszm_GrayLevelNonUniformity,0
523,square_glszm_GrayLevelNonUniformityNormalized,0
524,square_glszm_GrayLevelVariance,0
525,square_glszm_HighGrayLevelZoneEmphasis,0
526,square_glszm_LargeAreaEmphasis,0
527,square_glszm_LargeAreaHighGrayLevelEmphasis,0
528,square_glszm_LargeAreaLowGrayLevelEmphasis,0
529,square_glszm_LowGrayLevelZoneEmphasis,0
530,square_glszm_SizeZoneNonUniformity,0
531,square_glszm_SizeZoneNonUniformityNormalized,0
532,square_glszm_SmallAreaEmphasis,0
533,square_glszm_SmallAreaHighGrayLevelEmphasis,0
534,square_glszm_SmallAreaLowGrayLevelEmphasis,0
535,square_glszm_ZoneEntropy,0
536,square_glszm_ZonePercentage,0
537,square_glszm_ZoneVariance,0
538,square_gldm_DependenceEntropy,0
539,square_gldm_DependenceNonUniformity,0
540,square_gldm_DependenceNonUniformityNormalized,0
541,square_gldm_DependenceVariance,0
542,square_gldm_GrayLevelNonUniformity,0
543,square_gldm_GrayLevelVariance,0
544,square_gldm_HighGrayLevelEmphasis,0
545,square_gldm_LargeDependenceEmphasis,0
546,square_gldm_LargeDependenceHighGrayLevelEmphasis,0
547,square_gldm_LargeDependenceLowGrayLevelEmphasis,0
548,square_gldm_LowGrayLevelEmphasis,0
549,square_gldm_SmallDependenceEmphasis,0
550,square_gldm_SmallDependenceHighGrayLevelEmphasis,0
551,square_gldm_SmallDependenceLowGrayLevelEmphasis,0
552,squareroot_firstorder_10Percentile,0
553,squareroot_firstorder_90Percentile,0
554,squareroot_firstorder_Energy,0
555,squareroot_firstorder_Entropy,0
556,squareroot_firstorder_InterquartileRange,0
557,squareroot_firstorder_Kurtosis,0
558,squareroot_firstorder_Maximum,0
559,squareroot_firstorder_MeanAbsoluteDeviation,0
560,squareroot_firstorder_Mean,0
561,squareroot_firstorder_Median,0
562,squareroot_firstorder_Minimum,0
563,squareroot_firstorder_Range,0
564,squareroot_firstorder_RobustMeanAbsoluteDeviation,0
565,squareroot_firstorder_RootMeanSquared,0
566,squareroot_firstorder_Skewness,0
567,squareroot_firstorder_TotalEnergy,0
568,squareroot_firstorder_Uniformity,0
569,squareroot_firstorder_Variance,0
570,squareroot_glcm_Autocorrelation,0
571,squareroot_glcm_JointAverage,0
572,squareroot_glcm_ClusterProminence,0
573,squareroot_glcm_ClusterShade,0
574,squareroot_glcm_ClusterTendency,0
575,squareroot_glcm_Contrast,0
576,squareroot_glcm_Correlation,0
577,squareroot_glcm_DifferenceAverage,0
578,squareroot_glcm_DifferenceEntropy,0
579,squareroot_glcm_DifferenceVariance,0
580,squareroot_glcm_JointEnergy,0
581,squareroot_glcm_JointEntropy,0
582,squareroot_glcm_Imc1,0
583,squareroot_glcm_Imc2,0
584,squareroot_glcm_Idm,0
585,squareroot_glcm_Idmn,0
586,squareroot_glcm_Id,0
587,squareroot_glcm_Idn,0
588,squareroot_glcm_InverseVariance,0
589,squareroot_glcm_MaximumProbability,0
590,squareroot_glcm_SumEntropy,0
591,squareroot_glcm_SumSquares,0
592,squareroot_glrlm_GrayLevelNonUniformity,0
593,squareroot_glrlm_GrayLevelNonUniformityNormalized,0
594,squareroot_glrlm_GrayLevelVariance,0
595,squareroot_glrlm_HighGrayLevelRunEmphasis,0
596,squareroot_glrlm_LongRunEmphasis,0
597,squareroot_glrlm_LongRunHighGrayLevelEmphasis,0
598,squareroot_glrlm_LongRunLowGrayLevelEmphasis,0
599,squareroot_glrlm_LowGrayLevelRunEmphasis,0
600,squareroot_glrlm_RunEntropy,0
601,squareroot_glrlm_RunLengthNonUniformity,0
602,squareroot_glrlm_RunLengthNonUniformityNormalized,0
603,squareroot_glrlm_RunPercentage,0
604,squareroot_glrlm_RunVariance,0
605,squareroot_glrlm_ShortRunEmphasis,0
606,squareroot_glrlm_ShortRunHighGrayLevelEmphasis,0
607,squareroot_glrlm_ShortRunLowGrayLevelEmphasis,0
608,squareroot_glszm_GrayLevelNonUniformity,0
609,squareroot_glszm_GrayLevelNonUniformityNormalized,0
610,squareroot_glszm_GrayLevelVariance,0
611,squareroot_glszm_HighGrayLevelZoneEmphasis,0
612,squareroot_glszm_LargeAreaEmphasis,0
613,squareroot_glszm_LargeAreaHighGrayLevelEmphasis,0
614,squareroot_glszm_LargeAreaLowGrayLevelEmphasis,0
615,squareroot_glszm_LowGrayLevelZoneEmphasis,0
616,squareroot_glszm_SizeZoneNonUniformity,0
617,squareroot_glszm_SizeZoneNonUniformityNormalized,0
618,squareroot_glszm_SmallAreaEmphasis,0
619,squareroot_glszm_SmallAreaHighGrayLevelEmphasis,0
620,squareroot_glszm_SmallAreaLowGrayLevelEmphasis,0
621,squareroot_glszm_ZoneEntropy,0
622,squareroot_glszm_ZonePercentage,0
623,squareroot_glszm_ZoneVariance,0
624,squareroot_gldm_DependenceEntropy,0
625,squareroot_gldm_DependenceNonUniformity,0
626,squareroot_gldm_DependenceNonUniformityNormalized,0
627,squareroot_gldm_DependenceVariance,0
628,squareroot_gldm_GrayLevelNonUniformity,0
629,squareroot_gldm_GrayLevelVariance,0
630,squareroot_gldm_HighGrayLevelEmphasis,0
631,squareroot_gldm_LargeDependenceEmphasis,0
632,squareroot_gldm_LargeDependenceHighGrayLevelEmphasis,0
633,squareroot_gldm_LargeDependenceLowGrayLevelEmphasis,0
634,squareroot_gldm_LowGrayLevelEmphasis,0
635,squareroot_gldm_SmallDependenceEmphasis,0
636,squareroot_gldm_SmallDependenceHighGrayLevelEmphasis,0
637,squareroot_gldm_SmallDependenceLowGrayLevelEmphasis,0
638,wavelet-LLH_firstorder_10Percentile,0
639,wavelet-LLH_firstorder_90Percentile,0
640,wavelet-LLH_firstorder_Energy,0
641,wavelet-LLH_firstorder_Entropy,0
642,wavelet-LLH_firstorder_InterquartileRange,0
643,wavelet-LLH_firstorder_Kurtosis,0
644,wavelet-LLH_firstorder_Maximum,0
645,wavelet-LLH_firstorder_MeanAbsoluteDeviation,0
646,wavelet-LLH_firstorder_Mean,0
647,wavelet-LLH_firstorder_Median,0
648,wavelet-LLH_firstorder_Minimum,0
649,wavelet-LLH_firstorder_Range,0
650,wavelet-LLH_firstorder_RobustMeanAbsoluteDeviation,0
651,wavelet-LLH_firstorder_RootMeanSquared,0
652,wavelet-LLH_firstorder_Skewness,0
653,wavelet-LLH_firstorder_TotalEnergy,0
654,wavelet-LLH_firstorder_Uniformity,0
655,wavelet-LLH_firstorder_Variance,0
656,wavelet-LLH_glcm_Autocorrelation,0
657,wavelet-LLH_glcm_JointAverage,0
658,wavelet-LLH_glcm_ClusterProminence,0
659,wavelet-LLH_glcm_ClusterShade,0
660,wavelet-LLH_glcm_ClusterTendency,0
661,wavelet-LLH_glcm_Contrast,0
662,wavelet-LLH_glcm_Correlation,0
663,wavelet-LLH_glcm_DifferenceAverage,0
664,wavelet-LLH_glcm_DifferenceEntropy,0
665,wavelet-LLH_glcm_DifferenceVariance,0
666,wavelet-LLH_glcm_JointEnergy,0
667,wavelet-LLH_glcm_JointEntropy,0
668,wavelet-LLH_glcm_Imc1,0
669,wavelet-LLH_glcm_Imc2,0
670,wavelet-LLH_glcm_Idm,0
671,wavelet-LLH_glcm_Idmn,0
672,wavelet-LLH_glcm_Id,0
673,wavelet-LLH_glcm_Idn,0
674,wavelet-LLH_glcm_InverseVariance,0
675,wavelet-LLH_glcm_MaximumProbability,0
676,wavelet-LLH_glcm_SumEntropy,0
677,wavelet-LLH_glcm_SumSquares,0
678,wavelet-LLH_glrlm_GrayLevelNonUniformity,0
679,wavelet-LLH_glrlm_GrayLevelNonUniformityNormalized,0
680,wavelet-LLH_glrlm_GrayLevelVariance,0
681,wavelet-LLH_glrlm_HighGrayLevelRunEmphasis,0
682,wavelet-LLH_glrlm_LongRunEmphasis,0
683,wavelet-LLH_glrlm_LongRunHighGrayLevelEmphasis,0
684,wavelet-LLH_glrlm_LongRunLowGrayLevelEmphasis,0
685,wavelet-LLH_glrlm_LowGrayLevelRunEmphasis,0
686,wavelet-LLH_glrlm_RunEntropy,0
687,wavelet-LLH_glrlm_RunLengthNonUniformity,0
688,wavelet-LLH_glrlm_RunLengthNonUniformityNormalized,0
689,wavelet-LLH_glrlm_RunPercentage,0
690,wavelet-LLH_glrlm_RunVariance,0
691,wavelet-LLH_glrlm_ShortRunEmphasis,0
692,wavelet-LLH_glrlm_ShortRunHighGrayLevelEmphasis,0
693,wavelet-LLH_glrlm_ShortRunLowGrayLevelEmphasis,0
694,wavelet-LLH_glszm_GrayLevelNonUniformity,0
695,wavelet-LLH_glszm_GrayLevelNonUniformityNormalized,0
696,wavelet-LLH_glszm_GrayLevelVariance,0
697,wavelet-LLH_glszm_HighGrayLevelZoneEmphasis,0
698,wavelet-LLH_glszm_LargeAreaEmphasis,0
699,wavelet-LLH_glszm_LargeAreaHighGrayLevelEmphasis,0
700,wavelet-LLH_glszm_LargeAreaLowGrayLevelEmphasis,0
701,wavelet-LLH_glszm_LowGrayLevelZoneEmphasis,0
702,wavelet-LLH_glszm_SizeZoneNonUniformity,0
703,wavelet-LLH_glszm_SizeZoneNonUniformityNormalized,0
704,wavelet-LLH_glszm_SmallAreaEmphasis,0
705,wavelet-LLH_glszm_SmallAreaHighGrayLevelEmphasis,0
706,wavelet-LLH_glszm_SmallAreaLowGrayLevelEmphasis,0
707,wavelet-LLH_glszm_ZoneEntropy,0
708,wavelet-LLH_glszm_ZonePercentage,0
709,wavelet-LLH_glszm_ZoneVariance,0
710,wavelet-LLH_gldm_DependenceEntropy,0
711,wavelet-LLH_gldm_DependenceNonUniformity,0
712,wavelet-LLH_gldm_DependenceNonUniformityNormalized,0
713,wavelet-LLH_gldm_DependenceVariance,0
714,wavelet-LLH_gldm_GrayLevelNonUniformity,0
715,wavelet-LLH_gldm_GrayLevelVariance,0
716,wavelet-LLH_gldm_HighGrayLevelEmphasis,0
717,wavelet-LLH_gldm_LargeDependenceEmphasis,0
718,wavelet-LLH_gldm_LargeDependenceHighGrayLevelEmphasis,0
719,wavelet-LLH_gldm_LargeDependenceLowGrayLevelEmphasis,0
720,wavelet-LLH_gldm_LowGrayLevelEmphasis,0
721,wavelet-LLH_gldm_SmallDependenceEmphasis,0
722,wavelet-LLH_gldm_SmallDependenceHighGrayLevelEmphasis,0
723,wavelet-LLH_gldm_SmallDependenceLowGrayLevelEmphasis,0
724,wavelet-LHL_firstorder_10Percentile,0
725,wavelet-LHL_firstorder_90Percentile,0
726,wavelet-LHL_firstorder_Energy,0
727,wavelet-LHL_firstorder_Entropy,0
728,wavelet-LHL_firstorder_InterquartileRange,0
729,wavelet-LHL_firstorder_Kurtosis,0
730,wavelet-LHL_firstorder_Maximum,0
731,wavelet-LHL_firstorder_MeanAbsoluteDeviation,0
732,wavelet-LHL_firstorder_Mean,0
733,wavelet-LHL_firstorder_Median,0
734,wavelet-LHL_firstorder_Minimum,0
735,wavelet-LHL_firstorder_Range,0
736,wavelet-LHL_firstorder_RobustMeanAbsoluteDeviation,0
737,wavelet-LHL_firstorder_RootMeanSquared,0
738,wavelet-LHL_firstorder_Skewness,0
739,wavelet-LHL_firstorder_TotalEnergy,0
740,wavelet-LHL_firstorder_Uniformity,0
741,wavelet-LHL_firstorder_Variance,0
742,wavelet-LHL_glcm_Autocorrelation,0
743,wavelet-LHL_glcm_JointAverage,0
744,wavelet-LHL_glcm_ClusterProminence,0
745,wavelet-LHL_glcm_ClusterShade,0
746,wavelet-LHL_glcm_ClusterTendency,0
747,wavelet-LHL_glcm_Contrast,0
748,wavelet-LHL_glcm_Correlation,0
749,wavelet-LHL_glcm_DifferenceAverage,0
750,wavelet-LHL_glcm_DifferenceEntropy,0
751,wavelet-LHL_glcm_DifferenceVariance,0
752,wavelet-LHL_glcm_JointEnergy,0
753,wavelet-LHL_glcm_JointEntropy,0
754,wavelet-LHL_glcm_Imc1,0
755,wavelet-LHL_glcm_Imc2,0
756,wavelet-LHL_glcm_Idm,0
757,wavelet-LHL_glcm_Idmn,0
758,wavelet-LHL_glcm_Id,0
759,wavelet-LHL_glcm_Idn,0
760,wavelet-LHL_glcm_InverseVariance,0
761,wavelet-LHL_glcm_MaximumProbability,0
762,wavelet-LHL_glcm_SumEntropy,0
763,wavelet-LHL_glcm_SumSquares,0
764,wavelet-LHL_glrlm_GrayLevelNonUniformity,0
765,wavelet-LHL_glrlm_GrayLevelNonUniformityNormalized,0
766,wavelet-LHL_glrlm_GrayLevelVariance,0
767,wavelet-LHL_glrlm_HighGrayLevelRunEmphasis,0
768,wavelet-LHL_glrlm_LongRunEmphasis,0
769,wavelet-LHL_glrlm_LongRunHighGrayLevelEmphasis,0
770,wavelet-LHL_glrlm_LongRunLowGrayLevelEmphasis,0
771,wavelet-LHL_glrlm_LowGrayLevelRunEmphasis,0
772,wavelet-LHL_glrlm_RunEntropy,0
773,wavelet-LHL_glrlm_RunLengthNonUniformity,0
774,wavelet-LHL_glrlm_RunLengthNonUniformityNormalized,0
775,wavelet-LHL_glrlm_RunPercentage,0
776,wavelet-LHL_glrlm_RunVariance,0
777,wavelet-LHL_glrlm_ShortRunEmphasis,0
778,wavelet-LHL_glrlm_ShortRunHighGrayLevelEmphasis,0
779,wavelet-LHL_glrlm_ShortRunLowGrayLevelEmphasis,0
780,wavelet-LHL_glszm_GrayLevelNonUniformity,0
781,wavelet-LHL_glszm_GrayLevelNonUniformityNormalized,0
782,wavelet-LHL_glszm_GrayLevelVariance,0
783,wavelet-LHL_glszm_HighGrayLevelZoneEmphasis,0
784,wavelet-LHL_glszm_LargeAreaEmphasis,0
785,wavelet-LHL_glszm_LargeAreaHighGrayLevelEmphasis,0
786,wavelet-LHL_glszm_LargeAreaLowGrayLevelEmphasis,0
787,wavelet-LHL_glszm_LowGrayLevelZoneEmphasis,0
788,wavelet-LHL_glszm_SizeZoneNonUniformity,0
789,wavelet-LHL_glszm_SizeZoneNonUniformityNormalized,0
790,wavelet-LHL_glszm_SmallAreaEmphasis,0
791,wavelet-LHL_glszm_SmallAreaHighGrayLevelEmphasis,0
792,wavelet-LHL_glszm_SmallAreaLowGrayLevelEmphasis,0
793,wavelet-LHL_glszm_ZoneEntropy,0
794,wavelet-LHL_glszm_ZonePercentage,0
795,wavelet-LHL_glszm_ZoneVariance,0
796,wavelet-LHL_gldm_DependenceEntropy,0
797,wavelet-LHL_gldm_DependenceNonUniformity,0
798,wavelet-LHL_gldm_DependenceNonUniformityNormalized,0
799,wavelet-LHL_gldm_DependenceVariance,0
800,wavelet-LHL_gldm_GrayLevelNonUniformity,0
801,wavelet-LHL_gldm_GrayLevelVariance,0
802,wavelet-LHL_gldm_HighGrayLevelEmphasis,0
803,wavelet-LHL_gldm_LargeDependenceEmphasis,0
804,wavelet-LHL_gldm_LargeDependenceHighGrayLevelEmphasis,0
805,wavelet-LHL_gldm_LargeDependenceLowGrayLevelEmphasis,0
806,wavelet-LHL_gldm_LowGrayLevelEmphasis,0
807,wavelet-LHL_gldm_SmallDependenceEmphasis,0
808,wavelet-LHL_gldm_SmallDependenceHighGrayLevelEmphasis,0
809,wavelet-LHL_gldm_SmallDependenceLowGrayLevelEmphasis,0
810,wavelet-LHH_firstorder_10Percentile,0
811,wavelet-LHH_firstorder_90Percentile,0
812,wavelet-LHH_firstorder_Energy,0
813,wavelet-LHH_firstorder_Entropy,0
814,wavelet-LHH_firstorder_InterquartileRange,0
815,wavelet-LHH_firstorder_Kurtosis,0
816,wavelet-LHH_firstorder_Maximum,0
817,wavelet-LHH_firstorder_MeanAbsoluteDeviation,0
818,wavelet-LHH_firstorder_Mean,0
819,wavelet-LHH_firstorder_Median,0
820,wavelet-LHH_firstorder_Minimum,0
821,wavelet-LHH_firstorder_Range,0
822,wavelet-LHH_firstorder_RobustMeanAbsoluteDeviation,0
823,wavelet-LHH_firstorder_RootMeanSquared,0
824,wavelet-LHH_firstorder_Skewness,0
825,wavelet-LHH_firstorder_TotalEnergy,0
826,wavelet-LHH_firstorder_Uniformity,0
827,wavelet-LHH_firstorder_Variance,0
828,wavelet-LHH_glcm_Autocorrelation,0
829,wavelet-LHH_glcm_JointAverage,0
830,wavelet-LHH_glcm_ClusterProminence,0
831,wavelet-LHH_glcm_ClusterShade,0
832,wavelet-LHH_glcm_ClusterTendency,0
833,wavelet-LHH_glcm_Contrast,0
834,wavelet-LHH_glcm_Correlation,0
835,wavelet-LHH_glcm_DifferenceAverage,0
836,wavelet-LHH_glcm_DifferenceEntropy,0
837,wavelet-LHH_glcm_DifferenceVariance,0
838,wavelet-LHH_glcm_JointEnergy,0
839,wavelet-LHH_glcm_JointEntropy,0
840,wavelet-LHH_glcm_Imc1,0
841,wavelet-LHH_glcm_Imc2,0
842,wavelet-LHH_glcm_Idm,0
843,wavelet-LHH_glcm_Idmn,0
844,wavelet-LHH_glcm_Id,0
845,wavelet-LHH_glcm_Idn,0
846,wavelet-LHH_glcm_InverseVariance,0
847,wavelet-LHH_glcm_MaximumProbability,0
848,wavelet-LHH_glcm_SumEntropy,0
849,wavelet-LHH_glcm_SumSquares,0
850,wavelet-LHH_glrlm_GrayLevelNonUniformity,0
851,wavelet-LHH_glrlm_GrayLevelNonUniformityNormalized,0
852,wavelet-LHH_glrlm_GrayLevelVariance,0
853,wavelet-LHH_glrlm_HighGrayLevelRunEmphasis,0
854,wavelet-LHH_glrlm_LongRunEmphasis,0
855,wavelet-LHH_glrlm_LongRunHighGrayLevelEmphasis,0
856,wavelet-LHH_glrlm_LongRunLowGrayLevelEmphasis,0
857,wavelet-LHH_glrlm_LowGrayLevelRunEmphasis,0
858,wavelet-LHH_glrlm_RunEntropy,0
859,wavelet-LHH_glrlm_RunLengthNonUniformity,0
860,wavelet-LHH_glrlm_RunLengthNonUniformityNormalized,0
861,wavelet-LHH_glrlm_RunPercentage,0
862,wavelet-LHH_glrlm_RunVariance,0
863,wavelet-LHH_glrlm_ShortRunEmphasis,0
864,wavelet-LHH_glrlm_ShortRunHighGrayLevelEmphasis,0
865,wavelet-LHH_glrlm_ShortRunLowGrayLevelEmphasis,0
866,wavelet-LHH_glszm_GrayLevelNonUniformity,0
867,wavelet-LHH_glszm_GrayLevelNonUniformityNormalized,0
868,wavelet-LHH_glszm_GrayLevelVariance,0
869,wavelet-LHH_glszm_HighGrayLevelZoneEmphasis,0
870,wavelet-LHH_glszm_LargeAreaEmphasis,0
871,wavelet-LHH_glszm_LargeAreaHighGrayLevelEmphasis,0
872,wavelet-LHH_glszm_LargeAreaLowGrayLevelEmphasis,0
873,wavelet-LHH_glszm_LowGrayLevelZoneEmphasis,0
874,wavelet-LHH_glszm_SizeZoneNonUniformity,0
875,wavelet-LHH_glszm_SizeZoneNonUniformityNormalized,0
876,wavelet-LHH_glszm_SmallAreaEmphasis,0
877,wavelet-LHH_glszm_SmallAreaHighGrayLevelEmphasis,0
878,wavelet-LHH_glszm_SmallAreaLowGrayLevelEmphasis,0
879,wavelet-LHH_glszm_ZoneEntropy,0
880,wavelet-LHH_glszm_ZonePercentage,0
881,wavelet-LHH_glszm_ZoneVariance,0
882,wavelet-LHH_gldm_DependenceEntropy,0
883,wavelet-LHH_gldm_DependenceNonUniformity,0
884,wavelet-LHH_gldm_DependenceNonUniformityNormalized,0
885,wavelet-LHH_gldm_DependenceVariance,0
886,wavelet-LHH_gldm_GrayLevelNonUniformity,0
887,wavelet-LHH_gldm_GrayLevelVariance,0
888,wavelet-LHH_gldm_HighGrayLevelEmphasis,0
889,wavelet-LHH_gldm_LargeDependenceEmphasis,0
890,wavelet-LHH_gldm_LargeDependenceHighGrayLevelEmphasis,0
891,wavelet-LHH_gldm_LargeDependenceLowGrayLevelEmphasis,0
892,wavelet-LHH_gldm_LowGrayLevelEmphasis,0
893,wavelet-LHH_gldm_SmallDependenceEmphasis,0
894,wavelet-LHH_gldm_SmallDependenceHighGrayLevelEmphasis,0
895,wavelet-LHH_gldm_SmallDependenceLowGrayLevelEmphasis,0
896,wavelet-HLL_firstorder_10Percentile,0
897,wavelet-HLL_firstorder_90Percentile,0
898,wavelet-HLL_firstorder_Energy,0
899,wavelet-HLL_firstorder_Entropy,0
900,wavelet-HLL_firstorder_InterquartileRange,0
901,wavelet-HLL_firstorder_Kurtosis,0
902,wavelet-HLL_firstorder_Maximum,0
903,wavelet-HLL_firstorder_MeanAbsoluteDeviation,0
904,wavelet-HLL_firstorder_Mean,0
905,wavelet-HLL_firstorder_Median,0
906,wavelet-HLL_firstorder_Minimum,0
907,wavelet-HLL_firstorder_Range,0
908,wavelet-HLL_firstorder_RobustMeanAbsoluteDeviation,0
909,wavelet-HLL_firstorder_RootMeanSquared,0
910,wavelet-HLL_firstorder_Skewness,0
911,wavelet-HLL_firstorder_TotalEnergy,0
912,wavelet-HLL_firstorder_Uniformity,0
913,wavelet-HLL_firstorder_Variance,0
914,wavelet-HLL_glcm_Autocorrelation,0
915,wavelet-HLL_glcm_JointAverage,0
916,wavelet-HLL_glcm_ClusterProminence,0
917,wavelet-HLL_glcm_ClusterShade,0
918,wavelet-HLL_glcm_ClusterTendency,0
919,wavelet-HLL_glcm_Contrast,0
920,wavelet-HLL_glcm_Correlation,0
921,wavelet-HLL_glcm_DifferenceAverage,0
922,wavelet-HLL_glcm_DifferenceEntropy,0
923,wavelet-HLL_glcm_DifferenceVariance,0
924,wavelet-HLL_glcm_JointEnergy,0
925,wavelet-HLL_glcm_JointEntropy,0
926,wavelet-HLL_glcm_Imc1,0
927,wavelet-HLL_glcm_Imc2,0
928,wavelet-HLL_glcm_Idm,0
929,wavelet-HLL_glcm_Idmn,0
930,wavelet-HLL_glcm_Id,0
931,wavelet-HLL_glcm_Idn,0
932,wavelet-HLL_glcm_InverseVariance,0
933,wavelet-HLL_glcm_MaximumProbability,0
934,wavelet-HLL_glcm_SumEntropy,0
935,wavelet-HLL_glcm_SumSquares,0
936,wavelet-HLL_glrlm_GrayLevelNonUniformity,0
937,wavelet-HLL_glrlm_GrayLevelNonUniformityNormalized,0
938,wavelet-HLL_glrlm_GrayLevelVariance,0
939,wavelet-HLL_glrlm_HighGrayLevelRunEmphasis,0
940,wavelet-HLL_glrlm_LongRunEmphasis,0
941,wavelet-HLL_glrlm_LongRunHighGrayLevelEmphasis,0
942,wavelet-HLL_glrlm_LongRunLowGrayLevelEmphasis,0
943,wavelet-HLL_glrlm_LowGrayLevelRunEmphasis,0
944,wavelet-HLL_glrlm_RunEntropy,0
945,wavelet-HLL_glrlm_RunLengthNonUniformity,0
946,wavelet-HLL_glrlm_RunLengthNonUniformityNormalized,0
947,wavelet-HLL_glrlm_RunPercentage,0
948,wavelet-HLL_glrlm_RunVariance,0
949,wavelet-HLL_glrlm_ShortRunEmphasis,0
950,wavelet-HLL_glrlm_ShortRunHighGrayLevelEmphasis,0
951,wavelet-HLL_glrlm_ShortRunLowGrayLevelEmphasis,0
952,wavelet-HLL_glszm_GrayLevelNonUniformity,0
953,wavelet-HLL_glszm_GrayLevelNonUniformityNormalized,0
954,wavelet-HLL_glszm_GrayLevelVariance,0
955,wavelet-HLL_glszm_HighGrayLevelZoneEmphasis,0
956,wavelet-HLL_glszm_LargeAreaEmphasis,0
957,wavelet-HLL_glszm_LargeAreaHighGrayLevelEmphasis,0
958,wavelet-HLL_glszm_LargeAreaLowGrayLevelEmphasis,0
959,wavelet-HLL_glszm_LowGrayLevelZoneEmphasis,0
960,wavelet-HLL_glszm_SizeZoneNonUniformity,0
961,wavelet-HLL_glszm_SizeZoneNonUniformityNormalized,0
962,wavelet-HLL_glszm_SmallAreaEmphasis,0
963,wavelet-HLL_glszm_SmallAreaHighGrayLevelEmphasis,0
964,wavelet-HLL_glszm_SmallAreaLowGrayLevelEmphasis,0
965,wavelet-HLL_glszm_ZoneEntropy,0
966,wavelet-HLL_glszm_ZonePercentage,0
967,wavelet-HLL_glszm_ZoneVariance,0
968,wavelet-HLL_gldm_DependenceEntropy,0
969,wavelet-HLL_gldm_DependenceNonUniformity,0
970,wavelet-HLL_gldm_DependenceNonUniformityNormalized,0
971,wavelet-HLL_gldm_DependenceVariance,0
972,wavelet-HLL_gldm_GrayLevelNonUniformity,0
973,wavelet-HLL_gldm_GrayLevelVariance,0
974,wavelet-HLL_gldm_HighGrayLevelEmphasis,0
975,wavelet-HLL_gldm_LargeDependenceEmphasis,0
976,wavelet-HLL_gldm_LargeDependenceHighGrayLevelEmphasis,0
977,wavelet-HLL_gldm_LargeDependenceLowGrayLevelEmphasis,0
978,wavelet-HLL_gldm_LowGrayLevelEmphasis,0
979,wavelet-HLL_gldm_SmallDependenceEmphasis,0
980,wavelet-HLL_gldm_SmallDependenceHighGrayLevelEmphasis,0
981,wavelet-HLL_gldm_SmallDependenceLowGrayLevelEmphasis,0
982,wavelet-HLH_firstorder_10Percentile,0
983,wavelet-HLH_firstorder_90Percentile,0
984,wavelet-HLH_firstorder_Energy,0
985,wavelet-HLH_firstorder_Entropy,0
986,wavelet-HLH_firstorder_InterquartileRange,0
987,wavelet-HLH_firstorder_Kurtosis,0
988,wavelet-HLH_firstorder_Maximum,0
989,wavelet-HLH_firstorder_MeanAbsoluteDeviation,0
990,wavelet-HLH_firstorder_Mean,0
991,wavelet-HLH_firstorder_Median,0
992,wavelet-HLH_firstorder_Minimum,0
993,wavelet-HLH_firstorder_Range,0
994,wavelet-HLH_firstorder_RobustMeanAbsoluteDeviation,0
995,wavelet-HLH_firstorder_RootMeanSquared,0
996,wavelet-HLH_firstorder_Skewness,0
997,wavelet-HLH_firstorder_TotalEnergy,0
998,wavelet-HLH_firstorder_Uniformity,0
999,wavelet-HLH_firstorder_Variance,0
1000,wavelet-HLH_glcm_Autocorrelation,0
1001,wavelet-HLH_glcm_JointAverage,0
1002,wavelet-HLH_glcm_ClusterProminence,0
1003,wavelet-HLH_glcm_ClusterShade,0
1004,wavelet-HLH_glcm_ClusterTendency,0
1005,wavelet-HLH_glcm_Contrast,0
1006,wavelet-HLH_glcm_Correlation,0
1007,wavelet-HLH_glcm_DifferenceAverage,0
1008,wavelet-HLH_glcm_DifferenceEntropy,0
1009,wavelet-HLH_glcm_DifferenceVariance,0
1010,wavelet-HLH_glcm_JointEnergy,0
1011,wavelet-HLH_glcm_JointEntropy,0
1012,wavelet-HLH_glcm_Imc1,0
1013,wavelet-HLH_glcm_Imc2,0
1014,wavelet-HLH_glcm_Idm,0
1015,wavelet-HLH_glcm_Idmn,0
1016,wavelet-HLH_glcm_Id,0
1017,wavelet-HLH_glcm_Idn,0
1018,wavelet-HLH_glcm_InverseVariance,0
1019,wavelet-HLH_glcm_MaximumProbability,0
1020,wavelet-HLH_glcm_SumEntropy,0
1021,wavelet-HLH_glcm_SumSquares,0
1022,wavelet-HLH_glrlm_GrayLevelNonUniformity,0
1023,wavelet-HLH_glrlm_GrayLevelNonUniformityNormalized,0
1024,wavelet-HLH_glrlm_GrayLevelVariance,0
1025,wavelet-HLH_glrlm_HighGrayLevelRunEmphasis,0
1026,wavelet-HLH_glrlm_LongRunEmphasis,0
1027,wavelet-HLH_glrlm_LongRunHighGrayLevelEmphasis,0
1028,wavelet-HLH_glrlm_LongRunLowGrayLevelEmphasis,0
1029,wavelet-HLH_glrlm_LowGrayLevelRunEmphasis,0
1030,wavelet-HLH_glrlm_RunEntropy,0
1031,wavelet-HLH_glrlm_RunLengthNonUniformity,0
1032,wavelet-HLH_glrlm_RunLengthNonUniformityNormalized,0
1033,wavelet-HLH_glrlm_RunPercentage,0
1034,wavelet-HLH_glrlm_RunVariance,0
1035,wavelet-HLH_glrlm_ShortRunEmphasis,0
1036,wavelet-HLH_glrlm_ShortRunHighGrayLevelEmphasis,0
1037,wavelet-HLH_glrlm_ShortRunLowGrayLevelEmphasis,0
1038,wavelet-HLH_glszm_GrayLevelNonUniformity,0
1039,wavelet-HLH_glszm_GrayLevelNonUniformityNormalized,0
1040,wavelet-HLH_glszm_GrayLevelVariance,0
1041,wavelet-HLH_glszm_HighGrayLevelZoneEmphasis,0
1042,wavelet-HLH_glszm_LargeAreaEmphasis,0
1043,wavelet-HLH_glszm_LargeAreaHighGrayLevelEmphasis,0
1044,wavelet-HLH_glszm_LargeAreaLowGrayLevelEmphasis,0
1045,wavelet-HLH_glszm_LowGrayLevelZoneEmphasis,0
1046,wavelet-HLH_glszm_SizeZoneNonUniformity,0
1047,wavelet-HLH_glszm_SizeZoneNonUniformityNormalized,0
1048,wavelet-HLH_glszm_SmallAreaEmphasis,0
1049,wavelet-HLH_glszm_SmallAreaHighGrayLevelEmphasis,0
1050,wavelet-HLH_glszm_SmallAreaLowGrayLevelEmphasis,0
1051,wavelet-HLH_glszm_ZoneEntropy,0
1052,wavelet-HLH_glszm_ZonePercentage,0
1053,wavelet-HLH_glszm_ZoneVariance,0
1054,wavelet-HLH_gldm_DependenceEntropy,0
1055,wavelet-HLH_gldm_DependenceNonUniformity,0
1056,wavelet-HLH_gldm_DependenceNonUniformityNormalized,0
1057,wavelet-HLH_gldm_DependenceVariance,0
1058,wavelet-HLH_gldm_GrayLevelNonUniformity,0
1059,wavelet-HLH_gldm_GrayLevelVariance,0
1060,wavelet-HLH_gldm_HighGrayLevelEmphasis,0
1061,wavelet-HLH_gldm_LargeDependenceEmphasis,0
1062,wavelet-HLH_gldm_LargeDependenceHighGrayLevelEmphasis,0
1063,wavelet-HLH_gldm_LargeDependenceLowGrayLevelEmphasis,0
1064,wavelet-HLH_gldm_LowGrayLevelEmphasis,0
1065,wavelet-HLH_gldm_SmallDependenceEmphasis,0
1066,wavelet-HLH_gldm_SmallDependenceHighGrayLevelEmphasis,0
1067,wavelet-HLH_gldm_SmallDependenceLowGrayLevelEmphasis,0
1068,wavelet-HHL_firstorder_10Percentile,0
1069,wavelet-HHL_firstorder_90Percentile,0
1070,wavelet-HHL_firstorder_Energy,0
1071,wavelet-HHL_firstorder_Entropy,0
1072,wavelet-HHL_firstorder_InterquartileRange,0
1073,wavelet-HHL_firstorder_Kurtosis,0
1074,wavelet-HHL_firstorder_Maximum,0
1075,wavelet-HHL_firstorder_MeanAbsoluteDeviation,0
1076,wavelet-HHL_firstorder_Mean,0
1077,wavelet-HHL_firstorder_Median,0
1078,wavelet-HHL_firstorder_Minimum,0
1079,wavelet-HHL_firstorder_Range,0
1080,wavelet-HHL_firstorder_RobustMeanAbsoluteDeviation,0
1081,wavelet-HHL_firstorder_RootMeanSquared,0
1082,wavelet-HHL_firstorder_Skewness,0
1083,wavelet-HHL_firstorder_TotalEnergy,0
1084,wavelet-HHL_firstorder_Uniformity,0
1085,wavelet-HHL_firstorder_Variance,0
1086,wavelet-HHL_glcm_Autocorrelation,0
1087,wavelet-HHL_glcm_JointAverage,0
1088,wavelet-HHL_glcm_ClusterProminence,0
1089,wavelet-HHL_glcm_ClusterShade,0
1090,wavelet-HHL_glcm_ClusterTendency,0
1091,wavelet-HHL_glcm_Contrast,0
1092,wavelet-HHL_glcm_Correlation,0
1093,wavelet-HHL_glcm_DifferenceAverage,0
1094,wavelet-HHL_glcm_DifferenceEntropy,0
1095,wavelet-HHL_glcm_DifferenceVariance,0
1096,wavelet-HHL_glcm_JointEnergy,0
1097,wavelet-HHL_glcm_JointEntropy,0
1098,wavelet-HHL_glcm_Imc1,0
1099,wavelet-HHL_glcm_Imc2,0
1100,wavelet-HHL_glcm_Idm,0
1101,wavelet-HHL_glcm_Idmn,0
1102,wavelet-HHL_glcm_Id,0
1103,wavelet-HHL_glcm_Idn,0
1104,wavelet-HHL_glcm_InverseVariance,0
1105,wavelet-HHL_glcm_MaximumProbability,0
1106,wavelet-HHL_glcm_SumEntropy,0
1107,wavelet-HHL_glcm_SumSquares,0
1108,wavelet-HHL_glrlm_GrayLevelNonUniformity,0
1109,wavelet-HHL_glrlm_GrayLevelNonUniformityNormalized,0
1110,wavelet-HHL_glrlm_GrayLevelVariance,0
1111,wavelet-HHL_glrlm_HighGrayLevelRunEmphasis,0
1112,wavelet-HHL_glrlm_LongRunEmphasis,0
1113,wavelet-HHL_glrlm_LongRunHighGrayLevelEmphasis,0
1114,wavelet-HHL_glrlm_LongRunLowGrayLevelEmphasis,0
1115,wavelet-HHL_glrlm_LowGrayLevelRunEmphasis,0
1116,wavelet-HHL_glrlm_RunEntropy,0
1117,wavelet-HHL_glrlm_RunLengthNonUniformity,0
1118,wavelet-HHL_glrlm_RunLengthNonUniformityNormalized,0
1119,wavelet-HHL_glrlm_RunPercentage,0
1120,wavelet-HHL_glrlm_RunVariance,0
1121,wavelet-HHL_glrlm_ShortRunEmphasis,0
1122,wavelet-HHL_glrlm_ShortRunHighGrayLevelEmphasis,0
1123,wavelet-HHL_glrlm_ShortRunLowGrayLevelEmphasis,0
1124,wavelet-HHL_glszm_GrayLevelNonUniformity,0
1125,wavelet-HHL_glszm_GrayLevelNonUniformityNormalized,0
1126,wavelet-HHL_glszm_GrayLevelVariance,0
1127,wavelet-HHL_glszm_HighGrayLevelZoneEmphasis,0
1128,wavelet-HHL_glszm_LargeAreaEmphasis,0
1129,wavelet-HHL_glszm_LargeAreaHighGrayLevelEmphasis,0
1130,wavelet-HHL_glszm_LargeAreaLowGrayLevelEmphasis,0
1131,wavelet-HHL_glszm_LowGrayLevelZoneEmphasis,0
1132,wavelet-HHL_glszm_SizeZoneNonUniformity,0
1133,wavelet-HHL_glszm_SizeZoneNonUniformityNormalized,0
1134,wavelet-HHL_glszm_SmallAreaEmphasis,0
1135,wavelet-HHL_glszm_SmallAreaHighGrayLevelEmphasis,0
1136,wavelet-HHL_glszm_SmallAreaLowGrayLevelEmphasis,0
1137,wavelet-HHL_glszm_ZoneEntropy,0
1138,wavelet-HHL_glszm_ZonePercentage,0
1139,wavelet-HHL_glszm_ZoneVariance,0
1140,wavelet-HHL_gldm_DependenceEntropy,0
1141,wavelet-HHL_gldm_DependenceNonUniformity,0
1142,wavelet-HHL_gldm_DependenceNonUniformityNormalized,0
1143,wavelet-HHL_gldm_DependenceVariance,0
1144,wavelet-HHL_gldm_GrayLevelNonUniformity,0
1145,wavelet-HHL_gldm_GrayLevelVariance,0
1146,wavelet-HHL_gldm_HighGrayLevelEmphasis,0
1147,wavelet-HHL_gldm_LargeDependenceEmphasis,0
1148,wavelet-HHL_gldm_LargeDependenceHighGrayLevelEmphasis,0
1149,wavelet-HHL_gldm_LargeDependenceLowGrayLevelEmphasis,0
1150,wavelet-HHL_gldm_LowGrayLevelEmphasis,0
1151,wavelet-HHL_gldm_SmallDependenceEmphasis,0
1152,wavelet-HHL_gldm_SmallDependenceHighGrayLevelEmphasis,0
1153,wavelet-HHL_gldm_SmallDependenceLowGrayLevelEmphasis,0
1154,wavelet-HHH_firstorder_10Percentile,0
1155,wavelet-HHH_firstorder_90Percentile,0
1156,wavelet-HHH_firstorder_Energy,0
1157,wavelet-HHH_firstorder_Entropy,0
1158,wavelet-HHH_firstorder_InterquartileRange,0
1159,wavelet-HHH_firstorder_Kurtosis,0
1160,wavelet-HHH_firstorder_Maximum,0
1161,wavelet-HHH_firstorder_MeanAbsoluteDeviation,0
1162,wavelet-HHH_firstorder_Mean,0
1163,wavelet-HHH_firstorder_Median,0
1164,wavelet-HHH_firstorder_Minimum,0
1165,wavelet-HHH_firstorder_Range,0
1166,wavelet-HHH_firstorder_RobustMeanAbsoluteDeviation,0
1167,wavelet-HHH_firstorder_RootMeanSquared,0
1168,wavelet-HHH_firstorder_Skewness,0
1169,wavelet-HHH_firstorder_TotalEnergy,0
1170,wavelet-HHH_firstorder_Uniformity,0
1171,wavelet-HHH_firstorder_Variance,0
1172,wavelet-HHH_glcm_Autocorrelation,0
1173,wavelet-HHH_glcm_JointAverage,0
1174,wavelet-HHH_glcm_ClusterProminence,0
1175,wavelet-HHH_glcm_ClusterShade,0
1176,wavelet-HHH_glcm_ClusterTendency,0
1177,wavelet-HHH_glcm_Contrast,0
1178,wavelet-HHH_glcm_Correlation,0
1179,wavelet-HHH_glcm_DifferenceAverage,0
1180,wavelet-HHH_glcm_DifferenceEntropy,0
1181,wavelet-HHH_glcm_DifferenceVariance,0
1182,wavelet-HHH_glcm_JointEnergy,0
1183,wavelet-HHH_glcm_JointEntropy,0
1184,wavelet-HHH_glcm_Imc1,0
1185,wavelet-HHH_glcm_Imc2,0
1186,wavelet-HHH_glcm_Idm,0
1187,wavelet-HHH_glcm_Idmn,0
1188,wavelet-HHH_glcm_Id,0
1189,wavelet-HHH_glcm_Idn,0
1190,wavelet-HHH_glcm_InverseVariance,0
1191,wavelet-HHH_glcm_MaximumProbability,0
1192,wavelet-HHH_glcm_SumEntropy,0
1193,wavelet-HHH_glcm_SumSquares,0
1194,wavelet-HHH_glrlm_GrayLevelNonUniformity,0
1195,wavelet-HHH_glrlm_GrayLevelNonUniformityNormalized,0
1196,wavelet-HHH_glrlm_GrayLevelVariance,0
1197,wavelet-HHH_glrlm_HighGrayLevelRunEmphasis,0
1198,wavelet-HHH_glrlm_LongRunEmphasis,0
1199,wavelet-HHH_glrlm_LongRunHighGrayLevelEmphasis,0
1200,wavelet-HHH_glrlm_LongRunLowGrayLevelEmphasis,0
1201,wavelet-HHH_glrlm_LowGrayLevelRunEmphasis,0
1202,wavelet-HHH_glrlm_RunEntropy,0
1203,wavelet-HHH_glrlm_RunLengthNonUniformity,0
1204,wavelet-HHH_glrlm_RunLengthNonUniformityNormalized,0
1205,wavelet-HHH_glrlm_RunPercentage,0
1206,wavelet-HHH_glrlm_RunVariance,0
1207,wavelet-HHH_glrlm_ShortRunEmphasis,0
1208,wavelet-HHH_glrlm_ShortRunHighGrayLevelEmphasis,0
1209,wavelet-HHH_glrlm_ShortRunLowGrayLevelEmphasis,0
1210,wavelet-HHH_glszm_GrayLevelNonUniformity,0
1211,wavelet-HHH_glszm_GrayLevelNonUniformityNormalized,0
1212,wavelet-HHH_glszm_GrayLevelVariance,0
1213,wavelet-HHH_glszm_HighGrayLevelZoneEmphasis,0
1214,wavelet-HHH_glszm_LargeAreaEmphasis,0
1215,wavelet-HHH_glszm_LargeAreaHighGrayLevelEmphasis,0
1216,wavelet-HHH_glszm_LargeAreaLowGrayLevelEmphasis,0
1217,wavelet-HHH_glszm_LowGrayLevelZoneEmphasis,0
1218,wavelet-HHH_glszm_SizeZoneNonUniformity,0
1219,wavelet-HHH_glszm_SizeZoneNonUniformityNormalized,0
1220,wavelet-HHH_glszm_SmallAreaEmphasis,0
1221,wavelet-HHH_glszm_SmallAreaHighGrayLevelEmphasis,0
1222,wavelet-HHH_glszm_SmallAreaLowGrayLevelEmphasis,0
1223,wavelet-HHH_glszm_ZoneEntropy,0
1224,wavelet-HHH_glszm_ZonePercentage,0
1225,wavelet-HHH_glszm_ZoneVariance,0
1226,wavelet-HHH_gldm_DependenceEntropy,0
1227,wavelet-HHH_gldm_DependenceNonUniformity,0
1228,wavelet-HHH_gldm_DependenceNonUniformityNormalized,0
1229,wavelet-HHH_gldm_DependenceVariance,0
1230,wavelet-HHH_gldm_GrayLevelNonUniformity,0
1231,wavelet-HHH_gldm_GrayLevelVariance,0
1232,wavelet-HHH_gldm_HighGrayLevelEmphasis,0
1233,wavelet-HHH_gldm_LargeDependenceEmphasis,0
1234,wavelet-HHH_gldm_LargeDependenceHighGrayLevelEmphasis,0
1235,wavelet-HHH_gldm_LargeDependenceLowGrayLevelEmphasis,0
1236,wavelet-HHH_gldm_LowGrayLevelEmphasis,0
1237,wavelet-HHH_gldm_SmallDependenceEmphasis,0
1238,wavelet-HHH_gldm_SmallDependenceHighGrayLevelEmphasis,0
1239,wavelet-HHH_gldm_SmallDependenceLowGrayLevelEmphasis,0
1240,wavelet-LLL_firstorder_10Percentile,0
1241,wavelet-LLL_firstorder_90Percentile,0
1242,wavelet-LLL_firstorder_Energy,0
1243,wavelet-LLL_firstorder_Entropy,0
1244,wavelet-LLL_firstorder_InterquartileRange,0
1245,wavelet-LLL_firstorder_Kurtosis,0
1246,wavelet-LLL_firstorder_Maximum,0
1247,wavelet-LLL_firstorder_MeanAbsoluteDeviation,0
1248,wavelet-LLL_firstorder_Mean,0
1249,wavelet-LLL_firstorder_Median,0
1250,wavelet-LLL_firstorder_Minimum,0
1251,wavelet-LLL_firstorder_Range,0
1252,wavelet-LLL_firstorder_RobustMeanAbsoluteDeviation,0
1253,wavelet-LLL_firstorder_RootMeanSquared,0
1254,wavelet-LLL_firstorder_Skewness,0
1255,wavelet-LLL_firstorder_TotalEnergy,0
1256,wavelet-LLL_firstorder_Uniformity,0
1257,wavelet-LLL_firstorder_Variance,0
1258,wavelet-LLL_glcm_Autocorrelation,0
1259,wavelet-LLL_glcm_JointAverage,0
1260,wavelet-LLL_glcm_ClusterProminence,0
1261,wavelet-LLL_glcm_ClusterShade,0
1262,wavelet-LLL_glcm_ClusterTendency,0
1263,wavelet-LLL_glcm_Contrast,0
1264,wavelet-LLL_glcm_Correlation,0
1265,wavelet-LLL_glcm_DifferenceAverage,0
1266,wavelet-LLL_glcm_DifferenceEntropy,0
1267,wavelet-LLL_glcm_DifferenceVariance,0
1268,wavelet-LLL_glcm_JointEnergy,0
1269,wavelet-LLL_glcm_JointEntropy,0
1270,wavelet-LLL_glcm_Imc1,0
1271,wavelet-LLL_glcm_Imc2,0
1272,wavelet-LLL_glcm_Idm,0
1273,wavelet-LLL_glcm_Idmn,0
1274,wavelet-LLL_glcm_Id,0
1275,wavelet-LLL_glcm_Idn,0
1276,wavelet-LLL_glcm_InverseVariance,0
1277,wavelet-LLL_glcm_MaximumProbability,0
1278,wavelet-LLL_glcm_SumEntropy,0
1279,wavelet-LLL_glcm_SumSquares,0
1280,wavelet-LLL_glrlm_GrayLevelNonUniformity,0
1281,wavelet-LLL_glrlm_GrayLevelNonUniformityNormalized,0
1282,wavelet-LLL_glrlm_GrayLevelVariance,0
1283,wavelet-LLL_glrlm_HighGrayLevelRunEmphasis,0
1284,wavelet-LLL_glrlm_LongRunEmphasis,0
1285,wavelet-LLL_glrlm_LongRunHighGrayLevelEmphasis,0
1286,wavelet-LLL_glrlm_LongRunLowGrayLevelEmphasis,0
1287,wavelet-LLL_glrlm_LowGrayLevelRunEmphasis,0
1288,wavelet-LLL_glrlm_RunEntropy,0
1289,wavelet-LLL_glrlm_RunLengthNonUniformity,0
1290,wavelet-LLL_glrlm_RunLengthNonUniformityNormalized,0
1291,wavelet-LLL_glrlm_RunPercentage,0
1292,wavelet-LLL_glrlm_RunVariance,0
1293,wavelet-LLL_glrlm_ShortRunEmphasis,0
1294,wavelet-LLL_glrlm_ShortRunHighGrayLevelEmphasis,0
1295,wavelet-LLL_glrlm_ShortRunLowGrayLevelEmphasis,0
1296,wavelet-LLL_glszm_GrayLevelNonUniformity,0
1297,wavelet-LLL_glszm_GrayLevelNonUniformityNormalized,0
1298,wavelet-LLL_glszm_GrayLevelVariance,0
1299,wavelet-LLL_glszm_HighGrayLevelZoneEmphasis,0
1300,wavelet-LLL_glszm_LargeAreaEmphasis,0
1301,wavelet-LLL_glszm_LargeAreaHighGrayLevelEmphasis,0
1302,wavelet-LLL_glszm_LargeAreaLowGrayLevelEmphasis,0
1303,wavelet-LLL_glszm_LowGrayLevelZoneEmphasis,0
1304,wavelet-LLL_glszm_SizeZoneNonUniformity,0
1305,wavelet-LLL_glszm_SizeZoneNonUniformityNormalized,0
1306,wavelet-LLL_glszm_SmallAreaEmphasis,0
1307,wavelet-LLL_glszm_SmallAreaHighGrayLevelEmphasis,0
1308,wavelet-LLL_glszm_SmallAreaLowGrayLevelEmphasis,0
1309,wavelet-LLL_glszm_ZoneEntropy,0
1310,wavelet-LLL_glszm_ZonePercentage,0
1311,wavelet-LLL_glszm_ZoneVariance,0
1312,wavelet-LLL_gldm_DependenceEntropy,0
1313,wavelet-LLL_gldm_DependenceNonUniformity,0
1314,wavelet-LLL_gldm_DependenceNonUniformityNormalized,0
1315,wavelet-LLL_gldm_DependenceVariance,0
1316,wavelet-LLL_gldm_GrayLevelNonUniformity,0
1317,wavelet-LLL_gldm_GrayLevelVariance,0
1318,wavelet-LLL_gldm_HighGrayLevelEmphasis,0
1319,wavelet-LLL_gldm_LargeDependenceEmphasis,0
1320,wavelet-LLL_gldm_LargeDependenceHighGrayLevelEmphasis,0
1321,wavelet-LLL_gldm_LargeDependenceLowGrayLevelEmphasis,0
1322,wavelet-LLL_gldm_LowGrayLevelEmphasis,0
1323,wavelet-LLL_gldm_SmallDependenceEmphasis,0
1324,wavelet-LLL_gldm_SmallDependenceHighGrayLevelEmphasis,0
1325,wavelet-LLL_gldm_SmallDependenceLowGrayLevelEmphasis,0
